{"cameraMode":{"drawMode":0,"name":"Shaded","section":"Shading Mode"},"sceneLighting":false,"audioPlay":false,"sceneViewState":{"m_AlwaysRefresh":false,"showFog":true,"showSkybox":false,"showFlares":true,"showImageEffects":true,"showParticleSystems":true,"showVisualEffectGraphs":true,"m_FxEnabled":true},"in2DMode":false,"pivot":{"x":0.06827223300933838,"y":-2.171373128890991,"z":-0.08974683284759522},"rotation":{"x":-0.23262742161750794,"y":0.13170365989208222,"z":-0.03181547299027443,"w":-0.9631046652793884},"size":2.0381531715393068,"orthographic":false}